ProductName,Category,MainCategory,ProductDescription,Price
Fast and the Furious Tokyo Drift,Action,DVD,Teen hoon movie,10
Lady in the Lake,Drama,DVD,Do you beleive in mermaids?,12
Lucky Number Slevin,Action,DVD,A case of mistaken identity...,12
Lost Series 1,TV Series,DVD,Complete first season for Lost,20
Lost Series 2,TV Series,DVD,Complete second series.,20
Band Of Brothers,TV Series,DVD,Gritty look at life at war!,30
Bone Collector,Crime,DVD,Jeffrey Deaver book imortilised on screen.,5
The Guardian,Action,DVD,Bruce Willis does it again.,8
Big Train Series 1,Comedy,DVD,TV Comedy of insane and random occurences.,15
Big Train Series 2,Comedy,DVD,TV Comedy of insane and random occurences.,15
Best of British,Comedy,DVD,The name says it all.,10
Fawlty Towers,Comedy,DVD,Join Basil and Manuel in their neverending farces.,10
Lock Stock,Action,DVD,The original english gangster movie.,10
Visual Studio 2012,Software,PC,Software Development Enviroment.,160
Office 2013,Software,PC,Day to Day office tasks come to life.,120
Visual Studio Handbook,How-To,Hand Book,I hope you don't need this?,4
Office Help Guide,Help,Hand Book,Need help with Office 2007?,3
World of Warcraft,PC,Game,Fight orcs and monsters online.,65
FEAR,PC,Game,Game introduces horror movie style gaming,85
Need For Speed Carbon,XBOX 360,Game,Realtime 3-D Street Racing.,75
Tony Hawks Underground 2,XBOX 360,Game,Skate with tony hawk.,65
Gears Of War,XBOX 360,Game,New generation of FPS Shooter.,65
Zelda,Nintendo WII,Game,Zelda brought back in this all new WII Release.,85
Jax And Daxter,Play Station 2,Game,Command Jax and Daxter.,45
Amatuer XXX,X-Rated,DVD,Risky Amatuers cook there beans on camera.,55
Professional XXX,X-Rated,DVD,Risky Professionals do it all on camera.,65
Collectors XXX,X-Rated,DVD,Bonus XXX Compilation.,80
Nintendo WII,Nintendo,Console,New generation of motion sensitive gaming consoles.,250
Rayman 2,Nintendo WII,Game,Play Rayman on the WII,60
Super Mario,Nintendo WII,Game,Where would a nintendo console be without a Mario release?,65
GameCube,Nintendo,Console,Nintendos cartridge beased 64 Bit Console.,100
Star Wars Trilogy,Game Cube,Game,Play the starwars trilogy at home on your gamecube.,45
Mario 64,Game Cube,Game,Mario release for GameCube.,40
Play Station 3,Play Station 3,Console,The third generation of Playstation gaming.,300
Vaio DVD Player,DVD Player,Components,Sony quality DVD Player.,150
Vaio Laptop,Laptop,Components,Media enhanced Laptop.,1200
Final Fantasy 17,Play Station 3,Game,The latest FF RPG for Playstation 2,65
Playstation Portable,Play Station,Console,Hand Held PS2.,100
Jax And Daxter 3.,PSP,Game,Play as Jax on your Hand Held.,105
Time Splitters 5,Play Station 3,Game,Time chasing FPS for playstation.,95
DVDRW X16,Hardware,PC,Read and Write DVDs from your PC.,150
Intel Dual Core Chipset,Hardware,PC,Get the power of dual CPU's.,170
Rise Of Nations,PC,Game,Build your city from zero to hero on your PC.,50
Seagate Hard Drive 1TB,Hardware,PC,120GB IDE Hard Drive.,100
Desktop PC,Desktop,Components,Digitally Advanced Systems.,800
SoDimm 4GB,Hardware,PC,Make go fast hehe...,25
DDR3 8GB,Hardware,PC,Make go faster....,60
EA Sports Collection,PC,Game,All of the latest released EA Sports Games.,150
